Time,Fixed_inj1,Net_Fixed_inj1,Fixed_inj2,Net_Fixed_inj2,Prod1,Net_Prod1,Prod2,Net_Prod2,Prod3,Net_Prod3,Prod4,Net_Prod4
1,2983.338236988065,2983.338236988065,2359.1230629538086,2359.1230629538086,1168.4005356668551,1168.4005356668551,1711.5211092599718,1711.5211092599718,756.5433922696328,756.5433922696328,119.32393630183212,119.32393630183212
2,2370.4794107780585,5353.817647766124,1977.4251649977234,4336.548227951532,1696.0241622605479,2864.424697927403,1545.2583826511993,3256.779491911171,1095.986184115244,1852.5295763848767,645.966254772964,765.2901910747961
3,1862.3011293259615,7216.118777092085,1569.5925732586368,5906.140801210168,1406.975788981471,4271.400486908874,1905.0416151492361,5161.8211070604075,1863.306309097291,3715.8358854821677,142.32867469004864,907.6188657648447
4,3212.086996032684,10428.20577312477,1650.0496305659178,7556.190431776086,1815.8477110921883,6087.2481980010625,1946.3676813830953,7108.188788443503,992.5981653381358,4708.434050820303,553.3436139217781,1460.9624796866228
5,2774.60999969032,13202.815772815089,1251.272872589063,8807.463304365148,1614.3927141421507,7701.640912143213,1794.3864902282937,8902.575278671797,1119.7961115076296,5828.230162327933,262.6659016093096,1723.6283812959325
6,4699.90184708568,17902.71761990077,1442.1391369089313,10249.602441274079,1503.7587757533458,9205.399687896559,1885.5000527841087,10788.075331455906,1388.4850674055426,7216.715229733475,776.8533213977839,2500.481702693716
7,1094.700395453778,18997.41801535455,1635.7697420494776,11885.372183323556,1352.1995290340406,10557.5992169306,1389.0818458379965,12177.157177293902,1634.0787481464342,8850.79397787991,629.1691778054139,3129.65088049913
8,1677.0172621671252,20674.435277521676,1315.1080290789064,13200.480212402463,1209.8113019752464,11767.410518905846,1233.8025170426993,13410.959694336601,1280.3944497071761,10131.188427587087,550.5473348528185,3680.1982153519484
9,4509.454837883391,25183.890115405065,1369.7611888245165,14570.24140122698,1441.7273088713084,13209.137827777155,1604.0875932418512,15015.047287578453,1284.450734302545,11415.639161889632,519.6076449786958,4199.8058603306445
10,2365.0039983298034,27548.89411373487,828.1232003603901,15398.364601587371,1290.2829784057483,14499.420806182903,1314.9379405833693,16329.985228161822,1543.0918413577438,12958.731003247376,519.3193253510916,4719.125185681736
11,2637.321860285267,30186.21597402014,1025.2326656473517,16423.597267234723,1401.7944847674355,15901.215290950338,1433.268264392411,17763.253492554235,1489.532356118816,14448.263359366192,443.7094864472715,5162.834672129007
12,1507.847032342761,31694.0630063629,1305.6302129562614,17729.227480190984,1059.8651233048984,16961.080414255237,1080.587502702678,18843.840995256913,1187.9400867553625,15636.203446121555,850.4552183782913,6013.289890507299
13,1538.2095476411776,33232.27255400408,914.0427066883366,18643.27018687932,1023.2718853403329,17984.35229959557,1001.0008100930123,19844.841805349926,1402.1225975209709,17038.326043642526,1277.6151146563486,7290.905005163648
14,1993.2148598972617,35225.48741390134,986.6734107863728,19629.943597665693,992.143260011069,18976.495559606636,1277.8690840720337,21122.71088942196,1194.201397475052,18232.527441117578,812.1595205361691,8103.064525699817
15,1526.9549829154523,36752.44239681679,793.250919639664,20423.194517305357,883.1447196454882,19859.640279252122,1162.5499041415528,22285.260793563513,1262.8381828043532,19495.36562392193,920.2362681195773,9023.300793819395
16,2320.8724365577773,39073.31483337457,945.5635814988686,21368.758098804225,1008.6069746748425,20868.247253926966,1191.9810912847643,23477.241884848278,1188.2062834534174,20683.57190737535,709.8701367028697,9733.170930522265
17,2925.809103509557,41999.12393688413,954.6567819032044,22323.41488070743,1092.320851517196,21960.568105444163,1219.616022303938,24696.857907152214,1196.2100417611744,21879.781949136523,509.50392137914145,10242.674851901405
18,1115.5647762531394,43114.688713137264,1024.9420511886817,23348.356931896113,1021.3109990353496,22981.879104479514,1098.6389077495332,25795.496814901748,1618.5885736616249,23498.370522798148,791.4715346494278,11034.146386550834
19,2015.9259159693208,45130.61462910658,783.4805309782377,24131.83746287435,1055.104714754522,24036.983819234036,1119.8351398286873,26915.331954730435,1192.402263600384,24690.77278639853,474.80409446245767,11508.950481013291
20,1676.4997017191179,46807.1143308257,1012.864693330271,25144.70215620462,949.4630990514348,24986.44691828547,957.5148202962699,27872.846775026705,1122.9871779975488,25813.75996439608,666.214850233184,12175.165331246475
21,1039.3139555704643,47846.42828639616,707.6722646833044,25852.374420887925,767.7251625164841,25754.172080801953,1069.1182375792373,28941.965012605942,1125.2775061543318,26939.03747055041,592.8676266410021,12768.032957887477
22,1350.9511480216468,49197.37943441781,900.9314041296572,26753.30582501758,870.0348628420669,26624.206943644018,954.7775158379062,29896.742528443847,1295.5323026458648,28234.569773196275,395.9950867633054,13164.028044650782
23,847.4901642702424,50044.86959868805,891.1718419889652,27644.477667006548,804.9121547933651,27429.119098437382,893.9521684371445,30790.69469688099,1021.74525869101,29256.315031887287,408.0636448058176,13572.0916894566
24,1420.1466631496417,51465.01626183769,1155.7213264638315,28800.198993470378,932.427732294056,28361.546830731437,1038.256633889668,31828.95133077066,1020.8138191629295,30277.128851050216,752.8264833575266,14324.918172814127
25,1020.1719111089527,52485.18817294665,1005.0870966525199,29805.2860901229,893.4174108415071,29254.964241572943,977.1619861817475,32806.113316952404,1198.8226416971272,31475.951492747343,416.748325084113,14741.666497898239
26,1581.9504195356212,54067.13859248227,512.2389245369578,30317.52501465986,847.6393312452745,30102.603572818218,921.942788640321,33728.056105592725,965.9476170375074,32441.89910978485,479.7711649297187,15221.437662827957
27,997.9429163796218,55065.08150886189,796.4894204448996,31114.01443510476,758.4462126473876,30861.049785465606,970.7657537418858,34698.82185933461,1010.7439566003227,33452.64306638517,398.5297598835002,15619.967422711457
28,1087.6877221421921,56152.76923100408,688.7523159869799,31802.76675109174,781.2394645935888,31642.289250059195,745.2288678590063,35444.050727193615,830.8091953763815,34283.45226176155,423.4415646946741,16043.408987406132
29,1403.829454410841,57556.59868541492,736.5860307217677,32539.352781813508,664.753786635271,32307.043036694467,732.15025356021,36176.20098075383,942.2025229585487,35225.6547847201,437.73985661494453,16481.148844021078
30,421.4992321813343,57978.09791759626,785.8515836021073,33325.204365415615,690.4978518102786,32997.54088850474,710.7768384598867,36886.97781921372,802.0457624132492,36027.70054713335,593.2732452977178,17074.422089318796
31,1492.6300442888542,59470.72796188511,736.983587522756,34062.18795293837,695.214996628078,33692.75588513282,715.5369502511699,37602.514769464884,754.6488221349961,36782.34936926834,729.4458892692065,17803.867978588
32,1377.9447115529247,60848.672673438035,501.2959478464573,34563.48390078483,712.7752471638329,34405.53113229665,964.6878591218001,38567.20262858668,805.6926721938803,37588.04204146222,683.338860704131,18487.206839292132
33,1233.5465749487803,62082.21924838681,444.756015404668,35008.239916189494,673.451249643667,35078.98238194032,690.8744401771218,39258.0770687638,740.5263277888017,38328.56836925102,571.2201977251066,19058.427037017238
34,722.7660532244294,62804.98530161124,822.0120104460235,35830.251926635516,637.1566616033655,35716.139043543684,812.2087056979739,40070.28577446177,732.3291596051558,39060.89752885618,687.4430331064613,19745.8700701237
35,1099.1790734222307,63904.16437503347,642.1995640156634,36472.451490651176,628.4355629345638,36344.57460647825,721.531959171783,40791.81773363356,783.0771519934307,39843.974680849606,399.2394375508652,20145.109507674566
36,1111.2370015170975,65015.401376550566,678.8118759544387,37151.26336660561,673.5634857248116,37018.138092203066,731.5680663627982,41523.38579999636,769.0954783516162,40613.07015920122,554.331285511686,20699.44079318625
37,1285.0765627121386,66300.47793926271,559.3086469826936,37710.57201358831,628.8406731781795,37646.978765381245,686.097474943478,42209.483274939834,883.0525685897513,41496.12272779097,458.76810889155473,21158.208902077808
38,862.1499231219865,67162.6278623847,525.0058579822902,38235.5778715706,507.78162803295845,38154.7603934142,559.7627308196044,42769.246005759436,702.1091218325078,42198.23184962348,520.7416189117579,21678.950520989565
39,989.0893618908284,68151.71722427553,550.9797894044625,38786.55766097506,476.48520610171744,38631.24559951592,576.2801314306329,43345.52613719007,691.4896073918059,42889.72145701529,437.4776964163784,22116.428217405944
40,961.8985154609583,69113.61573973649,509.0653846908937,39295.623045665954,517.9194029077498,39149.165002423666,594.5080096337921,43940.03414682386,691.8723163299337,43581.59377334522,442.9773190831282,22559.405536489074
41,1418.9573222693787,70532.57306200586,680.1858374925783,39975.808883158534,599.8568958658335,39749.0218982895,732.5257250456799,44672.55987186954,683.371347341653,44264.96512068687,391.3445386127575,22950.75007510183
42,1151.1750403735227,71683.74810237938,641.6204356614933,40617.429318820024,632.0243425750635,40381.04624086457,720.4540706542447,45393.01394252379,726.3209913731249,44991.28611206,472.51012596842094,23423.26020107025
43,985.0442121256201,72668.792314505,670.3095555327203,41287.73887435275,549.7966440949436,40930.842884959515,610.7364960315311,46003.75043855532,637.5974809656319,45628.88359302563,574.9806054675138,23998.240806537764
44,83.95207035907916,72752.74438486408,581.1989732475278,41868.937847600275,536.069688686509,41466.91257364603,482.2151584280166,46485.96559698333,783.6403755790094,46412.52396860464,455.8176598183996,24454.058466356164
45,1260.527044724774,74013.27142958886,464.2617021855602,42333.19954978584,546.2558310840268,42013.16840473005,561.2145152356148,47047.18011221895,649.1926794489569,47061.716648053596,443.0799897843062,24897.13845614047
46,1130.7201052146934,75143.99153480356,668.006605438858,43001.206155224696,534.0858139455021,42547.25421867555,692.6327260435445,47739.81283826249,695.4470899420368,47757.16373799563,383.47544598960013,25280.61390213007
47,1053.941157076363,76197.93269187992,548.8153765084054,43550.0215317331,534.0463829948121,43081.300601670366,672.793409627275,48412.606247889766,642.0703047090461,48399.23404270467,401.4222096964959,25682.036111826565
48,813.5508642925724,77011.48355617249,709.6073157960424,44259.628847529144,591.0806638305912,43672.38126550095,643.4668371759725,49056.073085065735,621.2257824952379,49020.45982519991,373.7753029004586,26055.811414727024
49,665.5184686506533,77677.00202482314,540.3769130025129,44800.005760531654,519.0918184087644,44191.47308390972,572.2825305550035,49628.35561562074,524.8188240840683,49545.27864928398,430.6248819490024,26486.436296676027
50,620.717833372263,78297.71985819541,669.1722403907161,45469.17800092237,577.0647108175293,44768.53779472725,617.2084401373174,50245.564055758055,527.31265945142,50072.5913087354,368.5135425267379,26854.949839202764
51,549.320144424591,78847.04000262001,474.477897346964,45943.65589826934,489.7014154570632,45258.239210184314,490.59403084080697,50736.158086598865,543.8501702773434,50616.44147901274,568.2036100983983,27423.15344930116
52,1341.9424518327392,80188.98245445275,566.9582260953601,46510.6141243647,572.1418725059831,45830.3810826903,688.1383240112483,51424.29641061011,638.2564174699754,51254.697896482714,414.0934335753256,27837.246882876487
53,1342.081558855499,81531.06401330825,445.8797506045682,46956.49387496927,564.1375165989385,46394.51859928924,697.4830312440193,52121.77944185413,628.3557749250726,51883.05367140779,387.74365829168556,28224.990541168172
54,1031.7440359454852,82562.80804925374,477.27716417622315,47433.77103914549,573.6148060831006,46968.13340537234,770.6928773556325,52892.472319209766,681.1023012311531,52564.155972638946,700.2954065186995,28925.285947686873
55,1110.5144803972696,83673.322529651,482.8022217014547,47916.57326084694,577.0224289751781,47545.15583434752,639.6487196463744,53532.12103885614,628.0040498542376,53192.16002249318,411.98886038117917,29337.27480806805
56,835.7414615602152,84509.06399121122,222.95717050999497,48139.530431356936,450.00496890599015,47995.16080325351,490.19305642402907,54022.31409528017,634.3599378347275,53826.51996032791,429.51668864066187,29766.791496708713
57,683.1011690649644,85192.16516027618,518.3591884055253,48657.88961976246,450.8477013664588,48446.00850461997,533.0419771586438,54555.356072438815,665.9570046893826,54492.4769650173,451.77735957654096,30218.568856285252
58,793.2919738938166,85985.45713417,479.6408250269074,49137.53044478937,448.8488942609309,48894.8573988809,516.3744169779415,55071.730489416754,591.7024995944196,55084.17946461172,498.2357594891762,30716.80461577443
59,974.8488695658817,86960.3060037359,387.9146819705245,49525.4451267599,425.6187220777654,49320.476120958665,485.97804655622986,55557.70853597298,640.4429500650116,55724.622414676734,388.6124314405799,31105.417047215007
60,282.90873004433155,87243.21473378023,410.9699104849241,49936.41503724482,398.1237071889273,49718.59982814759,425.40952893449213,55983.118064907474,677.5208568815135,56402.14327155825,427.7909442320818,31533.20799144709
61,713.8555975020032,87957.07033128223,514.6873629050602,50451.10240014988,392.22708215817215,50110.82691030576,466.7043012170372,56449.822366124514,475.8231648982118,56877.96643645646,624.2020773714838,32157.41006881857
62,401.8742913843298,88358.94462266656,315.2167744070494,50766.31917455693,367.0966809267799,50477.92359123254,391.6799431021596,56841.50230922667,532.4203601399956,57410.38679659645,372.6941086198786,32530.10417743845
63,424.8854367652759,88783.83005943184,365.97427960554904,51132.29345416248,322.19617634751205,50800.11976758005,403.8644226004662,57245.36673182714,456.0612708924359,57866.44806748889,625.378230464175,33155.48240790262
64,174.2394256194897,88958.06948505134,376.3923316198307,51508.68578578231,318.28345020582884,51118.40321778588,376.69190026533494,57622.05863209248,459.99494599884883,58326.44301348774,426.54887254779015,33582.031280450414
65,611.9864587337134,89570.05594378505,630.7687630477922,52139.45454883011,477.02302529327375,51595.42624307916,526.4528024338191,58148.5114345263,454.43511423162545,58780.87812771936,361.82693879171944,33943.85821924213
66,355.2192008162421,89925.27514460128,337.48420114014897,52476.93874997026,440.1293487157845,52035.55559179494,326.9838953501291,58475.49532987643,427.153848567863,59208.031976287224,400.43119673934956,34344.28941598148
67,787.239682038915,90712.5148266402,285.6622249434863,52762.600974913745,358.6285301671721,52394.18412196211,414.17419359291654,58889.66952346935,398.5238832206821,59606.555859507906,381.3463687262147,34725.635784707694
68,672.1127108939257,91384.62753753412,353.3063085874666,53115.90728350121,381.6711307838586,52775.85525274597,415.27181040191,59304.941333871255,442.03939323639685,60048.5952527443,365.65311573347395,35091.28890044117
69,1057.7209754090493,92442.34851294316,328.26044907228254,53444.16773257349,406.19906140436433,53182.05431415033,519.9149940466988,59824.85632791795,508.75512531146506,60557.350378055766,377.67136824651993,35468.96026868769
70,818.4479416022667,93260.79645454543,267.4607124047665,53711.62844497826,346.32427945232945,53528.37859360266,449.1605212632921,60274.016849181244,598.3918776344111,61155.74225569018,398.8581413409898,35867.81841002868
71,899.3553710339983,94160.15182557942,336.42021030175493,54048.048655280014,421.45283536533674,53949.831428968,474.67077941726444,60748.687628598505,480.8472107645823,61636.58946645476,458.06784730604164,36325.88625733472
72,589.2032398950963,94749.35506547452,340.8156193706454,54388.86427465066,394.275690798107,54344.10711976611,493.3068808223675,61241.994509420874,482.79516765450717,62119.384634109265,390.8092968113379,36716.69555414606
73,863.7606484991264,95613.11571397365,483.7585726175791,54872.62284726824,468.76078441538704,54812.8679041815,544.8991739178831,61786.893683338756,542.1372479098563,62661.52188201912,483.39979635442256,37200.09535050049
74,464.9346350466862,96078.05034902033,310.0673592526175,55182.690206520856,370.5166798086582,55183.384583990155,460.1793216269829,62247.073004965736,455.0015379545946,63116.52341997372,365.7158392036013,37565.81118970409
75,1005.471025271373,97083.5213742917,378.71634081985803,55561.40654734072,405.94102452192766,55589.32560851208,447.05459927134467,62694.12760423708,500.712364330979,63617.2357843047,396.83174974624694,37962.642939450336
76,65.54084628774142,97149.06222057944,307.6438067986756,55869.05035413939,307.81301402035535,55897.13862253244,379.68542281494405,63073.81302705203,397.31912810634344,64014.55491241104,578.390328808535,38541.03326825887
77,646.1025967857323,97795.16481736516,328.80229773927294,56197.85265187867,335.92406539684464,56233.06268792928,380.9460660938934,63454.75909314592,438.7233222070211,64453.27823461806,348.9227970721917,38889.95606533106
78,540.8173893956381,98335.9822067608,246.89905359049592,56444.75170546916,326.517509301611,56559.58019723089,346.07417654602415,63800.833269691946,394.83967424040446,64848.11790885847,452.351901960071,39342.30796729113
79,769.8927478784493,99105.87495463925,417.3129545160936,56862.064659985255,375.81793542819327,56935.39813265909,505.593946594593,64306.42721628654,447.3404704932188,65295.45837935169,432.73366487290804,39775.041632164044
80,677.0023008907718,99782.87725553002,433.78433627460663,57295.84899625986,387.7377892317852,57323.13592189087,557.5636987117716,64863.99091499831,476.37686027677705,65771.83523962846,361.4912616189529,40136.532893783
81,733.6342703373722,100516.51152586739,356.49759464491814,57652.34659090478,365.16566057320216,57688.30158246407,466.5829552662626,65330.57387026457,420.34592197428816,66192.18116160276,460.0359558770926,40596.56884966009
82,686.1402858965562,101202.65181176395,349.8010261846171,58002.147617089395,407.6717966880187,58095.973379152085,443.6876682005229,65774.26153846509,453.49806637614705,66645.67922797891,383.30377643789507,40979.87262609799
83,524.0635883307599,101726.7154000947,301.4726423112731,58303.62025940067,348.17655886006816,58444.14993801215,442.2037855250665,66216.46532399015,424.44488536814237,67070.12411334705,375.5115930004218,41355.384219098414
84,560.8423135030564,102287.55771359777,331.39691365255374,58635.017173053224,327.3442188195867,58771.49415683174,317.34232606107565,66533.80765005123,386.09018152060844,67456.21429486765,347.2553153869108,41702.63953448532
85,352.9015029141592,102640.45921651192,331.1547232785448,58966.17189633177,316.99556137577224,59088.48971820751,328.17095725082186,66861.97860730205,416.939366410172,67873.15366127781,463.0040923937891,42165.643626879115
86,924.5182986955443,103564.97751520747,279.3234254547521,59245.49532178652,381.1950280484171,59469.68474625592,395.5004614761772,67257.47906877822,411.8451032278308,68284.99876450564,350.9542709917114,42516.59789787083
87,388.5857656008759,103953.56328080835,318.437148841324,59563.93247062784,323.35971192437404,59793.044458180295,306.5547239362499,67564.03379271447,426.3165364596214,68711.31530096526,433.5842809759106,42950.18217884674
88,762.1937020515464,104715.7569828599,259.9070743781293,59823.83954500597,357.74468315529157,60150.78914133558,378.8255707859428,67942.85936350042,421.93571365086433,69133.25101461612,355.79068195686546,43305.97286080361
89,737.1188715107893,105452.87585437068,355.1201118363103,60178.95965684228,362.87991719365954,60513.669058529245,404.95531627408656,68347.81467977451,403.5148144561306,69536.76582907225,527.6958934252472,43833.66875422886
90,598.0542306013598,106050.93008497205,301.10324077957364,60480.06289762185,314.09131598189987,60827.76037451115,330.0169248136786,68677.8316045882,445.32491674242965,69982.09074581468,437.9218475888476,44271.590601817705
91,411.71323420776,106462.6433191798,174.36616271849002,60654.42906034034,293.3262290623,61121.08660357345,287.4393808068706,68965.27098539507,374.36772142618844,70356.45846724087,323.4526263766524,44595.04322819436
92,335.79870870336515,106798.44202788317,272.58828596251766,60927.01734630286,242.48567460119568,61363.572278174644,231.7077913788414,69196.9787767739,342.88370890128243,70699.34217614215,456.6092758101945,45051.65250400455
93,629.0533096736161,107427.49533755679,291.8244043295592,61218.84175063242,307.9189834028979,61671.49126157754,302.3698538607819,69499.34863063469,361.4842026475067,71060.82637878966,386.97616619415635,45438.62867019871
94,555.7113234131858,107983.20666096997,221.59372843491323,61440.43547906733,298.29289284296897,61969.78415442051,341.5333036421348,69840.88193427683,343.8909658875211,71404.71734467718,347.2368368053853,45785.8655070041
95,302.7878837602333,108285.9945447302,189.26102790336088,61629.69650697069,221.23675148806433,62191.020905908576,240.16668659598452,70081.04862087281,342.0514889841866,71746.76883366136,311.2430507468052,46097.1085577509
96,372.0186544536428,108658.01319918384,257.0747945708141,61886.77130154151,232.1064630486145,62423.12736895719,244.1098730468009,70325.15849391962,309.4883725921707,72056.25720625353,310.86269696554035,46407.97125471644
97,458.27832804712926,109116.29152723098,263.63008456362303,62150.40138610513,275.35535511161373,62698.4827240688,292.0193711375312,70617.17786505715,358.6643722779761,72414.9215785315,466.22811318298596,46874.199367899426
98,599.2207989423165,109715.5123261733,302.0311444899143,62452.43253059504,287.0942242556932,62985.576948324495,342.1019153497805,70959.27978040693,357.0694784279627,72771.99105695946,336.60976954556384,47210.80913744499
99,553.9732013312192,110269.48552750451,264.95227578045086,62717.38480637549,262.18075510052694,63247.75770342502,327.9389697359598,71287.21875014289,351.0631257177363,73123.0541826772,492.089551662019,47702.89868910701
100,274.4304887558758,110543.9160162604,254.4984995843073,62971.8833059598,253.70596432327025,63501.46366774829,268.99821029297294,71556.21696043586,343.2064566706296,73466.26063934782,310.0555263995669,48012.95421550658
101,277.0793262419889,110820.99534250239,247.56838302831844,63219.45168898811,239.6024204684318,63741.06608821672,229.28535056642332,71785.50231100229,284.68651128081206,73750.94715062864,452.2955666447535,48465.24978215133
102,779.479018249374,111600.47436075176,312.94301680804045,63532.394705796156,277.6995228765235,64018.765611093244,403.9660933851383,72189.46840438743,330.7939947164006,74081.74114534503,565.295133686595,49030.54491583793
103,247.91253558750068,111848.38689633926,124.98865854443879,63657.383364340596,220.88956252330533,64239.65517361655,267.7623917939267,72457.23079618135,322.2643552338364,74404.00550057887,304.239262015688,49334.78417785362
104,368.9728934478135,112217.35978978708,343.42166704158325,64000.80503138218,250.27590301615749,64489.9310766327,282.43139340949114,72739.66218959085,293.1698492662145,74697.17534984509,374.83126682356095,49709.615444677176
105,547.668019195805,112765.02780898288,233.51618408473198,64234.32121546691,303.4107109603619,64793.34178759307,327.58555820219374,73067.24774779304,367.0747255605163,75064.2500754056,389.6826108215918,50099.298055498766
106,581.1702663253545,113346.19807530823,196.22612234999528,64430.547337816904,235.8128832282488,65029.15467082131,307.35882573834994,73374.60657353139,329.19104878002656,75393.44112418561,392.1100432121753,50491.40809871094
107,362.2681466467682,113708.466221955,193.74228235182557,64624.28962016873,260.6342947900027,65289.78896561132,276.6279408044606,73651.23451433585,303.74762418062704,75697.18874836624,334.6083579404952,50826.016456651436
108,152.56540752088563,113861.03162947588,219.24382652896247,64843.53344669769,203.90073725937177,65493.68970287069,209.90984203270978,73861.14435636856,296.4424866744668,75993.63123504071,451.3755775044667,51277.392034155906
109,818.1848077222813,114679.21643719816,175.6772889247674,65019.21073562246,239.22574537397293,65732.91544824466,373.76372101587884,74234.90807738443,304.92219263763826,76298.55342767834,328.66746560284406,51606.05949975875
110,407.27316876525543,115086.48960596342,248.80780924458983,65268.018544867045,242.19690553430362,65975.11235377897,335.8939800002767,74570.8020573847,312.32196778584455,76610.87539546419,391.7269207214442,51997.78642048019
111,406.10240936682175,115492.59201533024,338.44899825675515,65606.4675431238,284.33833603646605,66259.45068981544,314.57727120514966,74885.37932858986,298.033720593781,76908.90911605797,278.45816520350553,52276.24458568369
112,387.46178906266624,115880.05380439291,215.91641383758665,65822.38395696139,244.04715797131595,66503.49784778676,262.5485638007521,75147.92789239061,282.46485794698043,77191.37397400495,335.8888648949376,52612.13345057863
113,307.4550742171885,116187.5088786101,256.0962728998619,66078.48022986125,224.09742199743894,66727.5952697842,200.01823127008097,75347.94612366069,276.01953586458984,77467.39350986954,365.3747759862181,52977.508226564845
114,588.9288666550561,116776.43774526515,279.93296549046363,66358.4131953517,289.32838090887793,67016.92365069308,308.07135924575897,75656.01748290645,312.58179083263616,77779.97530070218,343.77556946259693,53321.28379602744
115,193.5782915515384,116970.0160368167,149.86143678156884,66508.27463213328,225.95354980278674,67242.87720049586,252.24641218591793,75908.26389509237,268.6564090155136,78048.6317097177,266.2449876915446,53587.52878371898
116,334.8921606839281,117304.90819750063,277.5496961332944,66785.82432826658,250.8281773911976,67493.70537788706,266.4266647047111,76174.69055979708,266.19540721750303,78314.8271169352,355.650477591819,53943.179261310805
117,402.15341298656693,117707.06161048719,255.61383170127644,67041.43815996786,231.34525870677064,67725.05063659383,257.18873101115344,76431.87929080823,311.4619226552984,78626.2890395905,333.7978267953743,54276.97708810618
118,527.7671391939163,118234.82874968111,280.98255115843875,67322.4207111263,279.76780434133286,68004.81844093517,330.844731971291,76762.72402277951,330.96215014451576,78957.25118973502,417.6309793475475,54694.60806745372
119,499.43645314802075,118734.26520282913,270.66476367490924,67593.0854748012,312.1548915915477,68316.97333252672,368.43108640756606,77131.15510918708,304.89856569928685,79262.14975543431,289.6750677899211,54984.28313524364
120,337.62707462550793,119071.89227745464,241.82221003525854,67834.90768483646,246.67794589794264,68563.65127842466,246.59897083014368,77377.75408001723,284.32083707398925,79546.4705925083,290.8275240426882,55275.11065928633
121,473.40065761535493,119545.29293506999,283.1487395874233,68118.05642442389,264.6705995113571,68828.32187793602,318.51514422497957,77696.2692242422,278.73692122291067,79825.2075137312,291.32863023605586,55566.43928952239
122,460.6845482785011,120005.97748334848,223.99953846018335,68342.05596288407,241.40504791824108,69069.72692585427,249.96658306694223,77946.23580730915,324.8070448888092,80150.01455862001,304.0186418157407,55870.457931338125
123,349.50545816714794,120355.48294151563,285.1586263209983,68627.21458920508,277.554508022892,69347.28143387716,325.95730433142717,78272.19311164058,298.88968083088827,80448.9042394509,292.25398710855035,56162.71191844668
124,665.4672437486919,121020.95018526432,292.17716101024496,68919.39175021532,246.1204936616156,69593.40192753877,268.748124598512,78540.94123623909,312.9862690391192,80761.89050849002,290.22599610399334,56452.937914550675
125,302.1017197943833,121323.0519050587,218.477343665616,69137.86909388093,233.53294059022505,69826.934868129,254.84009099751356,78795.7813272366,281.9176593245954,81043.80816781461,423.67371501710863,56876.611629567786
126,402.70046332016074,121725.75236837886,264.4634666478425,69402.33256052877,278.86918455368897,70105.8040526827,364.7020159979261,79160.48334323453,319.38746638350216,81363.19563419811,318.70150780675294,57195.31313737454
127,457.8141906495523,122183.56655902842,316.69142984324895,69719.02399037202,258.0454770570681,70363.84952973976,282.459232423223,79442.94257565775,287.5603471735929,81650.75598137171,285.9539739313321,57481.267111305875
128,399.2335607292173,122582.80011975764,306.6335090775619,70025.65749944959,272.86621878919703,70636.71574852896,301.10148959804695,79744.0440652558,327.90046352127115,81978.65644489299,260.0906909795396,57741.35780228541
129,341.9201517880454,122924.72027154568,235.57499092639486,70261.23249037599,251.17283635569257,70887.88858488465,286.34119559066056,80030.38526084647,319.720003366405,82298.3764482594,322.1078411428984,58063.46564342831
130,473.58923567703164,123398.30950722272,342.06388100095245,70603.29637137694,264.84001431743417,71152.72859920209,300.12328171090365,80330.50854255736,286.45461268710477,82584.8310609465,312.1567968347989,58375.622440263105
131,667.0536951758348,124065.36320239856,210.7886227416269,70814.08499411857,305.46385501373396,71458.19245421582,332.35734880278494,80662.86589136015,332.26380620579283,82917.0948671523,352.98245466829417,58728.6048949314
132,342.7697030178725,124408.13290541642,269.31870419349053,71083.40369831206,267.96915254067306,71726.16160675649,310.3079131505868,80973.17380451073,322.398801678893,83239.49366883119,281.08794677262443,59009.692841704025
133,258.8656575596444,124666.99856297606,186.42039061593675,71269.824088928,254.64228994082737,71980.80389669731,265.4609478416407,81238.63475235237,302.5727509288343,83542.06641976003,357.3308807728475,59367.02372247687
134,222.19420022899928,124889.19276320506,290.836262014047,71560.66035094205,273.7152301672607,72254.51912686457,235.4356749325581,81474.07042728493,290.83263058945175,83832.89905034949,308.50264272615374,59675.526365203026
135,295.52097754923665,125184.7137407543,297.2923712862717,71857.95272222832,234.65243668985872,72489.17156355442,310.91292513855814,81784.98335242349,310.22254116701885,84143.12159151651,373.237453162833,60048.76381836586
136,315.35458194037886,125500.06832269469,211.2682487512213,72069.22097097954,255.50060880495343,72744.67217235938,249.41966815678018,82034.40302058027,256.02672901363,84399.14832053013,364.0812165528946,60412.84503491875
137,455.87529925000626,125955.9436219447,238.79137924431936,72308.01235022386,233.42379231987536,72978.09596467926,274.29795289895407,82308.70097347922,287.056562654872,84686.20488318501,251.61818743066806,60664.46322234942
138,437.5795339576592,126393.52315590235,173.02190089996205,72481.03425112381,225.53918338484894,73203.63514806412,276.81582344779525,82585.51679692701,304.61306194800113,84990.817945133,359.8067022682839,61024.2699246177
139,353.30090758524847,126746.8240634876,243.1475183966147,72724.18176952042,237.19898683825292,73440.83413490237,246.72146809840686,82832.23826502541,276.04368567263606,85266.86163080564,354.85089446867573,61379.120819086376
140,491.3985090522737,127238.22257253987,248.71716880413547,72972.89893832456,245.61158597687708,73686.44572087924,263.4699525577501,83095.70821758316,313.461937383283,85580.32356818892,259.2597105711664,61638.380529657545
141,430.19924742669696,127668.42181996658,196.1349862406161,73169.03392456518,227.30255484501814,73913.74827572427,241.57938336773955,83337.2876009509,285.62619485091966,85865.94976303984,353.2096828301849,61991.59021248773
142,348.02299998870313,128016.44481995529,147.1951026375688,73316.22902720276,199.60419106314055,74113.35246678742,202.80010159998199,83540.08770255088,263.705437984965,86129.6552010248,333.4686564667225,62325.05886895445
143,389.4737730234593,128405.91859297875,172.3833107167676,73488.61233791953,212.60783002822214,74325.96029681564,243.5271339023417,83783.61483645323,272.79607804913627,86402.45127907394,266.07775847544644,62591.1366274299
144,336.4350970249251,128742.35369000367,212.70717540672305,73701.31951332626,210.0446118690313,74536.00490868467,282.5897292592746,84066.2045657125,306.93074652753165,86709.38202560147,317.95663642035436,62909.093263850256
145,181.2257085710073,128923.57939857467,258.5550420545464,73959.87455538081,209.7933719322081,74745.79828061687,219.5589843877717,84285.76355010027,258.129350696743,86967.51137629822,278.4048731930366,63187.498137043294
146,324.57666159572847,129248.1560601704,131.92136471778883,74091.7959200986,203.9913552577618,74949.78963587464,221.92823306202197,84507.69178316228,274.13954772005144,87241.65092401828,279.2366795043465,63466.73481654764
147,246.9345960612346,129495.09065623164,223.0588342945067,74314.8547543931,197.17308404791098,75146.96271992255,235.02899532653785,84742.72077848882,244.33714798053902,87485.98807199881,262.1053724274257,63728.84018897507
148,148.20259648868395,129643.29325272032,209.78059455376206,74524.63534894687,209.7479105717192,75356.71063049427,255.84171492229845,84998.56249341111,240.6045952268929,87726.5926672257,250.72865783691324,63979.568846811984
149,468.59982037913187,130111.89307309946,190.59477939298452,74715.23012833986,211.12644233913474,75567.83707283341,270.09136724705223,85268.65386065816,288.4447331150994,88015.0374003408,283.1756497911394,64262.744496603125
150,430.17718105976866,130542.07025415923,181.47506366479993,74896.70519200465,206.01976748713943,75773.85684032056,213.5988989477959,85482.25275960595,261.8789348592498,88276.91633520006,359.80536202940175,64622.54985863253
